{"cameraMode":{"drawMode":0,"name":"Shaded","section":"Shading Mode"},"sceneLighting":true,"audioPlay":false,"sceneViewState":{"m_AlwaysRefresh":false,"showFog":true,"showSkybox":true,"showFlares":true,"showImageEffects":true,"showParticleSystems":true,"showVisualEffectGraphs":true,"m_FxEnabled":true},"in2DMode":false,"pivot":{"x":-0.450112521648407,"y":5.924686431884766,"z":-248.62051391601563},"rotation":{"x":0.15622860193252564,"y":-0.08788283169269562,"z":0.01395790558308363,"w":0.9837124943733215},"size":0.4901326596736908,"orthographic":true}